asylum,madhouse,3.61
bird,cock,3.05
bird,crane,2.97
boy,lad,3.76
brother,monk,2.82
car,automobile,3.92
cemetery,woodland,0.95
chord,smile,0.13
coast,forest,0.42
coast,hill,0.87
coast,shore,3.7
crane,implement,1.68
food,fruit,3.08
food,rooster,0.89
forest,graveyard,0.84
furnace,stove,3.11
gem,jewel,3.84
glass,magician,0.11
journey,car,1.16
journey,voyage,3.84
lad,brother,1.66
lad,wizard,0.42
magician,wizard,3.5
midday,noon,3.42
monk,oracle,1.1
monk,slave,0.55
noon,string,0.08
rooster,voyage,0.08
shore,woodland,0.63
tool,implement,1.68
